cardname,cardnumber,rarity,rarity_full,setcode,setname,cid,ciid,image_mapping_source,image_mapping_notes,imageurl,local_path,validation_status,validation_notes
Ansler the Magical Swordsman,RD/ST01-JP003,N,ノーマル仕様,RD/ST01,スターターデッキ 遊我 － 切り開け！ セブンスロード！！ －,15152,1,PACK_PAGE,matched cid on pack page,https://www.db.yugioh-card.com/rushdb/get_image.action?type=1&osplang=1&cid=15152&ciid=1&enc=YN4MXf1ZR5_oE9T_uUnLJA&app=tournament&request_locale=ja,images\15152_1.jpg,OK,
Ansler the Magical Swordsman,RD/ST01-JP003,N,ノーマル仕様,RD/ST01,スターターデッキセット － 遊我 VS ルーク －,15152,1,PACK_PAGE,matched cid on pack page,https://www.db.yugioh-card.com/rushdb/get_image.action?type=1&osplang=1&cid=15152&ciid=1&enc=YN4MXf1ZR5_oE9T_uUnLJA&app=tournament&request_locale=ja,images\15152_1.jpg,OK,
Ancient Turtle Protector,RD/SBD3-JP020,N,ノーマル仕様,RD/SBD3,最強バトルデッキ　ガクト　－魔将参陣－,15195,1,PACK_PAGE,matched cid on pack page,https://www.db.yugioh-card.com/rushdb/get_image.action?type=1&osplang=1&cid=15195&ciid=1&enc=C1cC6g0s_zkhg0yI1HT--Q&app=tournament&request_locale=ja,images\15195_1.jpg,OK,
Ancient Turtle Protector,RD/KP01-JP003,N,ノーマル仕様,RD/KP01,デッキ改造パック 超速のラッシュロード!!,15195,1,PACK_PAGE,matched cid on pack page,https://www.db.yugioh-card.com/rushdb/get_image.action?type=1&osplang=1&cid=15195&ciid=1&enc=C1cC6g0s_zkhg0yI1HT--Q&app=tournament&request_locale=ja,images\15195_1.jpg,OK,
Amusi Performer,RD/ATR1-JP014,N,ノーマル仕様,RD/ATR1,アトラクションパック,15679,1,PACK_PAGE,matched cid on pack page,https://www.db.yugioh-card.com/rushdb/get_image.action?type=1&osplang=1&cid=15679&ciid=1&enc=gFLIb6e7ODrMrmH4gk8Itw&app=tournament&request_locale=ja,images\15679_1.jpg,OK,
Amusi Performer,RD/B224-JP002,N,ノーマル仕様,RD/B224,バトルパック 2022 Vol.4,15679,1,DETAIL_HEURISTIC_CONFIRMED,confirmed rule: non-ORR uses lowest ciid; pack page has one representative image for multiple printing rarities on the same cid/pid,https://www.db.yugioh-card.com/rushdb/get_image.action?type=1&osplang=1&cid=15679&ciid=1&enc=gFLIb6e7ODrMrmH4gk8Itw&app=tournament&request_locale=ja,images\15679_1.jpg,OK,
Amusi Performer,RD/B224-JP002,SR,スーパーレア仕様,RD/B224,バトルパック 2022 Vol.4,15679,1,DETAIL_HEURISTIC_CONFIRMED,confirmed rule: non-ORR uses lowest ciid; pack page has one representative image for multiple printing rarities on the same cid/pid,https://www.db.yugioh-card.com/rushdb/get_image.action?type=1&osplang=1&cid=15679&ciid=1&enc=gFLIb6e7ODrMrmH4gk8Itw&app=tournament&request_locale=ja,images\15679_1.jpg,OK,
Amusi Performer,RD/SBD4-JP010,N,ノーマル仕様,RD/SBD4,最強バトルデッキ　ロミン　－サイキックビート－,15679,1,PACK_PAGE,matched cid on pack page,https://www.db.yugioh-card.com/rushdb/get_image.action?type=1&osplang=1&cid=15679&ciid=1&enc=gFLIb6e7ODrMrmH4gk8Itw&app=tournament&request_locale=ja,images\15679_1.jpg,OK,
Amusi Performer,RD/CP01-JP031,R,レア仕様,RD/CP01,キャラクターパック － ガクト・ロア・ロミン －,15679,1,PACK_PAGE,matched cid on pack page,https://www.db.yugioh-card.com/rushdb/get_image.action?type=1&osplang=1&cid=15679&ciid=1&enc=gFLIb6e7ODrMrmH4gk8Itw&app=tournament&request_locale=ja,images\15679_1.jpg,OK,
Ancient Arise Dragon,RD/SD0A-JP010,N,ノーマル仕様,RD/SD0A,ストラクチャーデッキ 究極の青眼伝説,15799,1,PACK_PAGE,matched cid on pack page,https://www.db.yugioh-card.com/rushdb/get_image.action?type=1&osplang=1&cid=15799&ciid=1&enc=uL9tYKPj6MdYejMM2TUp0A&app=tournament&request_locale=ja,images\15799_1.jpg,OK,
Ancient Arise Dragon,RD/SA03-JP004,SE,シークレットレア仕様,RD/SA03,シークレットエースパックVol.3,15799,1,PACK_PAGE,matched cid on pack page,https://www.db.yugioh-card.com/rushdb/get_image.action?type=1&osplang=1&cid=15799&ciid=1&enc=uL9tYKPj6MdYejMM2TUp0A&app=tournament&request_locale=ja,images\15799_1.jpg,OK,
Ancient Arise Dragon,RD/KP03-JP024,UR,ウルトラレア仕様,RD/KP03,デッキ改造パック 幻撃のミラージュインパクト!!,15799,1,PACK_PAGE,matched cid on pack page,https://www.db.yugioh-card.com/rushdb/get_image.action?type=1&osplang=1&cid=15799&ciid=1&enc=uL9tYKPj6MdYejMM2TUp0A&app=tournament&request_locale=ja,images\15799_1.jpg,OK,
Anchor Moray,RD/KP03-JP034,R,レア仕様,RD/KP03,デッキ改造パック 幻撃のミラージュインパクト!!,15808,1,PACK_PAGE,matched cid on pack page,https://www.db.yugioh-card.com/rushdb/get_image.action?type=1&osplang=1&cid=15808&ciid=1&enc=H3gmJ3zxWmw3dCDyVg1PBg&app=tournament&request_locale=ja,images\15808_1.jpg,OK,
Ants Running About,RD/KP04-JP009,N,ノーマル仕様,RD/KP04,デッキ改造パック 宿命のパワーデストラクション!!,16132,1,PACK_PAGE,matched cid on pack page,https://www.db.yugioh-card.com/rushdb/get_image.action?type=1&osplang=1&cid=16132&ciid=1&enc=miRGwdmG8cxrtBAVHRU6Rg&app=tournament&request_locale=ja,images\16132_1.jpg,OK,
Antrebellion of the Rebellion,RD/KP04-JP033,N,ノーマル仕様,RD/KP04,デッキ改造パック 宿命のパワーデストラクション!!,16154,1,PACK_PAGE,matched cid on pack page,https://www.db.yugioh-card.com/rushdb/get_image.action?type=1&osplang=1&cid=16154&ciid=1&enc=sXBwpm6idcQoqiSUzU9-gw&app=tournament&request_locale=ja,images\16154_1.jpg,OK,
Anmagmabear,RD/SD04-JP021,N,ノーマル仕様,RD/SD04,最強バトルデッキ　マナブ　－炎のケミストニャードロー！－,16155,1,PACK_PAGE,matched cid on pack page,https://www.db.yugioh-card.com/rushdb/get_image.action?type=1&osplang=1&cid=16155&ciid=1&enc=zbyGSdWuuhLLFm4lJq9oNw&app=tournament&request_locale=ja,images\16155_1.jpg,OK,
Anmagmabear,RD/KP04-JP034,R,レア仕様,RD/KP04,デッキ改造パック 宿命のパワーデストラクション!!,16155,1,PACK_PAGE,matched cid on pack page,https://www.db.yugioh-card.com/rushdb/get_image.action?type=1&osplang=1&cid=16155&ciid=1&enc=zbyGSdWuuhLLFm4lJq9oNw&app=tournament&request_locale=ja,images\16155_1.jpg,OK,
Amabie,RD/21CC-JP001,N,ノーマル仕様,RD/21CC,「あまびえさん」プレゼントキャンペーン,16185,1,PACK_PAGE,matched cid on pack page,https://www.db.yugioh-card.com/rushdb/get_image.action?type=1&osplang=1&cid=16185&ciid=1&enc=QOjYTKlfyhNNgG95uvy3Zg&app=tournament&request_locale=ja,images\16185_1.jpg,OK,
Acacia the Shadow Flower Priestess,RD/KP05-JP027,N,ノーマル仕様,RD/KP05,デッキ改造パック　躍動のエターナルライブ！！,16333,1,PACK_PAGE,matched cid on pack page,https://www.db.yugioh-card.com/rushdb/get_image.action?type=1&osplang=1&cid=16333&ciid=1&enc=NIcALnc4xESZDIw7vlXsmw&app=tournament&request_locale=ja,images\16333_1.jpg,OK,
"Agariel, the Finest Sushi Fairy",RD/S223-JP005,SE,シークレットレア仕様,RD/S223,シークレットエースパック 2022 Vol.3,16606,1,PACK_PAGE,matched cid on pack page,https://www.db.yugioh-card.com/rushdb/get_image.action?type=1&osplang=1&cid=16606&ciid=1&enc=XCg9z26YRbR3si7do2SUuQ&app=tournament&request_locale=ja,images\16606_1.jpg,OK,
"Agariel, the Finest Sushi Fairy",RD/MAX2-JP039,SR,スーパーレア仕様,RD/MAX2,マキシマム超絶進化パック,16606,1,PACK_PAGE,matched cid on pack page,https://www.db.yugioh-card.com/rushdb/get_image.action?type=1&osplang=1&cid=16606&ciid=1&enc=XCg9z26YRbR3si7do2SUuQ&app=tournament&request_locale=ja,images\16606_1.jpg,OK,
Air Formula Eagle,RD/KP06-JP022,RR,ラッシュレア仕様,RD/KP06,デッキ改造パック　激闘のサンダーストーム！！,16679,1,DETAIL_HEURISTIC_CONFIRMED,confirmed rule: non-ORR uses lowest ciid; pack page has one representative image for multiple printing rarities on the same cid/pid,https://www.db.yugioh-card.com/rushdb/get_image.action?type=1&osplang=1&cid=16679&ciid=1&enc=_IlFpmTRNaqhVI5pbI2aQg&app=tournament&request_locale=ja,images\16679_1.jpg,OK,
Air Formula Eagle,RD/KP06-JP022,UR,ウルトラレア仕様,RD/KP06,デッキ改造パック　激闘のサンダーストーム！！,16679,1,DETAIL_HEURISTIC_CONFIRMED,confirmed rule: non-ORR uses lowest ciid; pack page has one representative image for multiple printing rarities on the same cid/pid,https://www.db.yugioh-card.com/rushdb/get_image.action?type=1&osplang=1&cid=16679&ciid=1&enc=_IlFpmTRNaqhVI5pbI2aQg&app=tournament&request_locale=ja,images\16679_1.jpg,OK,
Accel Wonder Splat,RD/MRP2-JP010,N,ノーマル仕様,RD/MRP2,メガロードパック２,16769,1,PACK_PAGE,matched cid on pack page,https://www.db.yugioh-card.com/rushdb/get_image.action?type=1&osplang=1&cid=16769&ciid=1&enc=t_Fmi33WaTxyxqFNJlwh8w&app=tournament&request_locale=ja,images\16769_1.jpg,OK,
Accel Wonder Splat,RD/SBD1-JP009,N,ノーマル仕様,RD/SBD1,最強バトルデッキ　遊我　－ハイパーマシンロード－,16769,1,PACK_PAGE,matched cid on pack page,https://www.db.yugioh-card.com/rushdb/get_image.action?type=1&osplang=1&cid=16769&ciid=1&enc=t_Fmi33WaTxyxqFNJlwh8w&app=tournament&request_locale=ja,images\16769_1.jpg,OK,
Accel Wonder Flare,RD/MRP2-JP011,N,ノーマル仕様,RD/MRP2,メガロードパック２,16770,1,PACK_PAGE,matched cid on pack page,https://www.db.yugioh-card.com/rushdb/get_image.action?type=1&osplang=1&cid=16770&ciid=1&enc=ve6Y3XwmnRRzBvJIZ7-vWw&app=tournament&request_locale=ja,images\16770_1.jpg,OK,
Accel Wonder Flare,RD/SBD1-JP010,N,ノーマル仕様,RD/SBD1,最強バトルデッキ　遊我　－ハイパーマシンロード－,16770,1,PACK_PAGE,matched cid on pack page,https://www.db.yugioh-card.com/rushdb/get_image.action?type=1&osplang=1&cid=16770&ciid=1&enc=ve6Y3XwmnRRzBvJIZ7-vWw&app=tournament&request_locale=ja,images\16770_1.jpg,OK,
Amazing Dealer,RD/5TH1-JP063,P+SR,パラレル仕様スーパーレア,RD/5TH1,5th ANNIVERSARY PACK,16772,1,PACK_PAGE,matched cid on pack page,https://www.db.yugioh-card.com/rushdb/get_image.action?type=1&osplang=1&cid=16772&ciid=1&enc=Ie21_BOPESWVCTies3idrg&app=tournament&request_locale=ja,images\16772_1.jpg,OK,
Amazing Dealer,RD/MRP2-JP014,R,レア仕様,RD/MRP2,メガロードパック２,16772,1,DETAIL_HEURISTIC_CONFIRMED,confirmed rule: non-ORR uses lowest ciid; pack page has one representative image for multiple printing rarities on the same cid/pid,https://www.db.yugioh-card.com/rushdb/get_image.action?type=1&osplang=1&cid=16772&ciid=1&enc=Ie21_BOPESWVCTies3idrg&app=tournament&request_locale=ja,images\16772_1.jpg,OK,
Amazing Dealer,RD/MRP2-JP014,SE,シークレットレア仕様,RD/MRP2,メガロードパック２,16772,1,DETAIL_HEURISTIC_CONFIRMED,confirmed rule: non-ORR uses lowest ciid; pack page has one representative image for multiple printing rarities on the same cid/pid,https://www.db.yugioh-card.com/rushdb/get_image.action?type=1&osplang=1&cid=16772&ciid=1&enc=Ie21_BOPESWVCTies3idrg&app=tournament&request_locale=ja,images\16772_1.jpg,OK,
Amazing Dealer,RD/B222-JP004,N,ノーマル仕様,RD/B222,バトルパック 2022 Vol.2,16772,1,DETAIL_HEURISTIC_CONFIRMED,confirmed rule: non-ORR uses lowest ciid; pack page has one representative image for multiple printing rarities on the same cid/pid,https://www.db.yugioh-card.com/rushdb/get_image.action?type=1&osplang=1&cid=16772&ciid=1&enc=Ie21_BOPESWVCTies3idrg&app=tournament&request_locale=ja,images\16772_1.jpg,OK,
Amazing Dealer,RD/B222-JP004,SR,スーパーレア仕様,RD/B222,バトルパック 2022 Vol.2,16772,1,DETAIL_HEURISTIC_CONFIRMED,confirmed rule: non-ORR uses lowest ciid; pack page has one representative image for multiple printing rarities on the same cid/pid,https://www.db.yugioh-card.com/rushdb/get_image.action?type=1&osplang=1&cid=16772&ciid=1&enc=Ie21_BOPESWVCTies3idrg&app=tournament&request_locale=ja,images\16772_1.jpg,OK,
Amazing Dealer,RD/GRD0-JP008,N,ノーマル仕様,RD/GRD0,ゴーラッシュデッキ　ボーナスカード,16772,1,PACK_PAGE,matched cid on pack page,https://www.db.yugioh-card.com/rushdb/get_image.action?type=1&osplang=1&cid=16772&ciid=1&enc=Ie21_BOPESWVCTies3idrg&app=tournament&request_locale=ja,images\16772_1.jpg,OK,
Amazing Dealer,RD/SBD1-JP019,N,ノーマル仕様,RD/SBD1,最強バトルデッキ　遊我　－ハイパーマシンロード－,16772,1,PACK_PAGE,matched cid on pack page,https://www.db.yugioh-card.com/rushdb/get_image.action?type=1&osplang=1&cid=16772&ciid=1&enc=Ie21_BOPESWVCTies3idrg&app=tournament&request_locale=ja,images\16772_1.jpg,OK,
Amusi Howling Performer,RD/EXT1-JP029,R,レア仕様,RD/EXT1,エクストラ超越強化パック,16913,1,PACK_PAGE,matched cid on pack page,https://www.db.yugioh-card.com/rushdb/get_image.action?type=1&osplang=1&cid=16913&ciid=1&enc=Ih6_qIIAs9Veh3YVWdaKEg&app=tournament&request_locale=ja,images\16913_1.jpg,OK,
The All-Seeing White Tiger,RD/SST1-JP022,N,ノーマル仕様,RD/SST1,最強ジャンプ2022年5月号付録 最強スターターデッキ,16961,1,PACK_PAGE,matched cid on pack page,https://www.db.yugioh-card.com/rushdb/get_image.action?type=1&osplang=1&cid=16961&ciid=1&enc=ZB1ryEOJ0texEIPUYrT4Kw&app=tournament&request_locale=ja,images\16961_1.jpg,OK,
The All-Seeing White Tiger,RD/B003-JP008,N,ノーマル仕様,RD/B003,バトルパックVol.3,16961,1,PACK_PAGE,matched cid on pack page,https://www.db.yugioh-card.com/rushdb/get_image.action?type=1&osplang=1&cid=16961&ciid=1&enc=ZB1ryEOJ0texEIPUYrT4Kw&app=tournament&request_locale=ja,images\16961_1.jpg,OK,
Achacha Catcher,RD/KP07-JP005,N,ノーマル仕様,RD/KP07,デッキ改造パック　混沌のオメガライジング！！,16971,1,PACK_PAGE,matched cid on pack page,https://www.db.yugioh-card.com/rushdb/get_image.action?type=1&osplang=1&cid=16971&ciid=1&enc=PWuZ7dokC3FsajnlMKsUeQ&app=tournament&request_locale=ja,images\16971_1.jpg,OK,
Ancient Arrive Dragon,RD/SD0A-JP011,N,ノーマル仕様,RD/SD0A,ストラクチャーデッキ 究極の青眼伝説,17198,1,PACK_PAGE,matched cid on pack page,https://www.db.yugioh-card.com/rushdb/get_image.action?type=1&osplang=1&cid=17198&ciid=1&enc=xDBqQmkpg2uhUSvNYG92wA&app=tournament&request_locale=ja,images\17198_1.jpg,OK,
Ancient Arrive Dragon,RD/GRP1-JP009,GRR,ゴールドラッシュレア仕様,RD/GRP1,ゴールドラッシュパック,17198,1,DETAIL_HEURISTIC_CONFIRMED,confirmed rule: non-ORR uses lowest ciid; pack page has one representative image for multiple printing rarities on the same cid/pid,https://www.db.yugioh-card.com/rushdb/get_image.action?type=1&osplang=1&cid=17198&ciid=1&enc=xDBqQmkpg2uhUSvNYG92wA&app=tournament&request_locale=ja,images\17198_1.jpg,OK,
Ancient Arrive Dragon,RD/GRP1-JP009,UR,ウルトラレア仕様,RD/GRP1,ゴールドラッシュパック,17198,1,DETAIL_HEURISTIC_CONFIRMED,confirmed rule: non-ORR uses lowest ciid; pack page has one representative image for multiple printing rarities on the same cid/pid,https://www.db.yugioh-card.com/rushdb/get_image.action?type=1&osplang=1&cid=17198&ciid=1&enc=xDBqQmkpg2uhUSvNYG92wA&app=tournament&request_locale=ja,images\17198_1.jpg,OK,
Alligator's Sword,RD/LGP1-JP030,N,ノーマル仕様,RD/LGP1,レジェンド覚醒パック,17217,1,PACK_PAGE,matched cid on pack page,https://www.db.yugioh-card.com/rushdb/get_image.action?type=1&osplang=1&cid=17217&ciid=1&enc=PiWI9T6BnLt7PSI5hH_mnQ&app=tournament&request_locale=ja,images\17217_1.jpg,OK,
Alligator's Sword,RD/GRP1-JP035,N,ノーマル仕様,RD/GRP1,ゴールドラッシュパック,17217,1,PACK_PAGE,matched cid on pack page,https://www.db.yugioh-card.com/rushdb/get_image.action?type=1&osplang=1&cid=17217&ciid=1&enc=PiWI9T6BnLt7PSI5hH_mnQ&app=tournament&request_locale=ja,images\17217_1.jpg,OK,
Alligator's Sword Dragon,RD/B004-JP001,N,ノーマル仕様,RD/B004,バトルパックVol.4,17269,1,DETAIL_HEURISTIC_CONFIRMED,confirmed rule: non-ORR uses lowest ciid; pack page has one representative image for multiple printing rarities on the same cid/pid,https://www.db.yugioh-card.com/rushdb/get_image.action?type=1&osplang=1&cid=17269&ciid=1&enc=DKmcQzXyklYUWnwEY1VfIw&app=tournament&request_locale=ja,images\17269_1.jpg,OK,
Alligator's Sword Dragon,RD/B004-JP001,SR,スーパーレア仕様,RD/B004,バトルパックVol.4,17269,1,DETAIL_HEURISTIC_CONFIRMED,confirmed rule: non-ORR uses lowest ciid; pack page has one representative image for multiple printing rarities on the same cid/pid,https://www.db.yugioh-card.com/rushdb/get_image.action?type=1&osplang=1&cid=17269&ciid=1&enc=DKmcQzXyklYUWnwEY1VfIw&app=tournament&request_locale=ja,images\17269_1.jpg,OK,
Alligator's Sword Dragon,RD/B004-JP001,UR,ウルトラレア仕様（RED Ver.）,RD/B004,バトルパックVol.4,17269,1,DETAIL_HEURISTIC_CONFIRMED,confirmed rule: non-ORR uses lowest ciid; pack page has one representative image for multiple printing rarities on the same cid/pid,https://www.db.yugioh-card.com/rushdb/get_image.action?type=1&osplang=1&cid=17269&ciid=1&enc=DKmcQzXyklYUWnwEY1VfIw&app=tournament&request_locale=ja,images\17269_1.jpg,OK,
Ancient Lizard Warrior,RD/KP08-JP003,N,ノーマル仕様,RD/KP08,デッキ改造パック　創造のマスターロード！！,17279,1,PACK_PAGE,matched cid on pack page,https://www.db.yugioh-card.com/rushdb/get_image.action?type=1&osplang=1&cid=17279&ciid=1&enc=d-MgZiEsllO4g9b773qw_A&app=tournament&request_locale=ja,images\17279_1.jpg,OK,
Anglercoilfish,RD/KP08-JP007,R,レア仕様,RD/KP08,デッキ改造パック　創造のマスターロード！！,17283,1,PACK_PAGE,matched cid on pack page,https://www.db.yugioh-card.com/rushdb/get_image.action?type=1&osplang=1&cid=17283&ciid=1&enc=Pkj3qFstlsjSVcjbiVWVag&app=tournament&request_locale=ja,images\17283_1.jpg,OK,
Accel Wonder Pebble,RD/RLP1-JP001,UR,ウルトラレア仕様,RD/RLP1,ラッシュデュエルLP１巻同梱カード,17485,1,PACK_PAGE,matched cid on pack page,https://www.db.yugioh-card.com/rushdb/get_image.action?type=1&osplang=1&cid=17485&ciid=1&enc=qbNevxfi3TBcWklvrX74zA&app=tournament&request_locale=ja,images\17485_1.jpg,OK,
Alien Shocktrooper,RD/GRD0-JP002,P,パラレル仕様,RD/GRD0,ゴーラッシュデッキ　ボーナスカード,17560,1,PACK_PAGE,matched cid on pack page,https://www.db.yugioh-card.com/rushdb/get_image.action?type=1&osplang=1&cid=17560&ciid=1&enc=SyjMfiBPHXc8Hk1mV6ZFOA&app=tournament&request_locale=ja,images\17560_1.jpg,OK,
Ama Lilith,RD/B241-JP002,N,ノーマル仕様,RD/B241,バトルパック 2024 Vol.1,17684,1,DETAIL_HEURISTIC_CONFIRMED,confirmed rule: non-ORR uses lowest ciid; pack page has one representative image for multiple printing rarities on the same cid/pid,https://www.db.yugioh-card.com/rushdb/get_image.action?type=1&osplang=1&cid=17684&ciid=1&enc=xT6NhNZNteXfa2AHv7EK3A&app=tournament&request_locale=ja,images\17684_1.jpg,OK,
Ama Lilith,RD/B241-JP002,SR,スーパーレア仕様,RD/B241,バトルパック 2024 Vol.1,17684,1,DETAIL_HEURISTIC_CONFIRMED,confirmed rule: non-ORR uses lowest ciid; pack page has one representative image for multiple printing rarities on the same cid/pid,https://www.db.yugioh-card.com/rushdb/get_image.action?type=1&osplang=1&cid=17684&ciid=1&enc=xT6NhNZNteXfa2AHv7EK3A&app=tournament&request_locale=ja,images\17684_1.jpg,OK,
Ama Lilith,RD/MRP1-JP042,N,ノーマル仕様,RD/MRP1,メガロードパック,17684,1,PACK_PAGE,matched cid on pack page,https://www.db.yugioh-card.com/rushdb/get_image.action?type=1&osplang=1&cid=17684&ciid=1&enc=xT6NhNZNteXfa2AHv7EK3A&app=tournament&request_locale=ja,images\17684_1.jpg,OK,
Abyss Soldier,RD/LGP2-JP068,P+UR,パラレル仕様ウルトラレア,RD/LGP2,真・レジェンド覚醒パック,17848,1,DETAIL_HEURISTIC_CONFIRMED,confirmed rule: non-ORR uses lowest ciid; pack page has one representative image for multiple printing rarities on the same cid/pid,https://www.db.yugioh-card.com/rushdb/get_image.action?type=1&osplang=1&cid=17848&ciid=1&enc=9PnLZjqtS5yyk5Un0Ces1g&app=tournament&request_locale=ja,images\17848_1.jpg,OK,
Abyss Soldier,RD/LGP2-JP068,SR,スーパーレア仕様,RD/LGP2,真・レジェンド覚醒パック,17848,1,DETAIL_HEURISTIC_CONFIRMED,confirmed rule: non-ORR uses lowest ciid; pack page has one representative image for multiple printing rarities on the same cid/pid,https://www.db.yugioh-card.com/rushdb/get_image.action?type=1&osplang=1&cid=17848&ciid=1&enc=9PnLZjqtS5yyk5Un0Ces1g&app=tournament&request_locale=ja,images\17848_1.jpg,OK,
Abyss Soldier,RD/KP10-JP000,RR,ラッシュレア仕様,RD/KP10,デッキ改造パック　破滅のレクイエム！！,17848,1,DETAIL_HEURISTIC_CONFIRMED,confirmed rule: non-ORR uses lowest ciid; pack page has one representative image for multiple printing rarities on the same cid/pid,https://www.db.yugioh-card.com/rushdb/get_image.action?type=1&osplang=1&cid=17848&ciid=1&enc=9PnLZjqtS5yyk5Un0Ces1g&app=tournament&request_locale=ja,images\17848_1.jpg,OK,
Abyss Soldier,RD/KP10-JP000,SE,シークレットレア仕様,RD/KP10,デッキ改造パック　破滅のレクイエム！！,17848,1,DETAIL_HEURISTIC_CONFIRMED,confirmed rule: non-ORR uses lowest ciid; pack page has one representative image for multiple printing rarities on the same cid/pid,https://www.db.yugioh-card.com/rushdb/get_image.action?type=1&osplang=1&cid=17848&ciid=1&enc=9PnLZjqtS5yyk5Un0Ces1g&app=tournament&request_locale=ja,images\17848_1.jpg,OK,
Aliyen 33,RD/KP10-JP012,N,ノーマル仕様,RD/KP10,デッキ改造パック　破滅のレクイエム！！,17860,1,PACK_PAGE,matched cid on pack page,https://www.db.yugioh-card.com/rushdb/get_image.action?type=1&osplang=1&cid=17860&ciid=1&enc=faNtP3YtFNQMa3IpF8TbtA&app=tournament&request_locale=ja,images\17860_1.jpg,OK,
Abare Ushioni,RD/KP10-JP042,R,レア仕様,RD/KP10,デッキ改造パック　破滅のレクイエム！！,17890,1,PACK_PAGE,matched cid on pack page,https://www.db.yugioh-card.com/rushdb/get_image.action?type=1&osplang=1&cid=17890&ciid=1&enc=xdUodS3GP9e68MRcziaqOw&app=tournament&request_locale=ja,images\17890_1.jpg,OK,
Amabear Lilith,RD/S262-JP004,P+UR,パラレル仕様ウルトラレア,RD/S262,スペシャルビクトリーパック2026 Vol.1,17891,2,PACK_PAGE,matched cid on pack page,https://www.db.yugioh-card.com/rushdb/get_image.action?type=1&cid=17891&ciid=2&enc=zgvfrTb4SQHQW2RqIp1Qhw,images\17891_2.jpg,OK,
Amabear Lilith,RD/KP10-JP043,N,ノーマル仕様,RD/KP10,デッキ改造パック　破滅のレクイエム！！,17891,1,PACK_PAGE,matched cid on pack page,https://www.db.yugioh-card.com/rushdb/get_image.action?type=1&osplang=1&cid=17891&ciid=1&enc=zgvfrTb4SQHQW2RqIp1Qhw&app=tournament&request_locale=ja,images\17891_1.jpg,OK,
Alpha Burn Drake,RD/SD03-JP024,N,ノーマル仕様,RD/SD03,最強バトルデッキ　遊歩　－おいでヨ！ ハイテクドラゴン！－,17952,1,PACK_PAGE,matched cid on pack page,https://www.db.yugioh-card.com/rushdb/get_image.action?type=1&osplang=1&cid=17952&ciid=1&enc=OGAg9qKvlqdOwbMGj_jg6A&app=tournament&request_locale=ja,images\17952_1.jpg,OK,
Analyze Phlogiston,RD/SD04-JP001,N,ノーマル仕様,RD/SD04,最強バトルデッキ　マナブ　－炎のケミストニャードロー！－,17955,1,PACK_PAGE,matched cid on pack page,https://www.db.yugioh-card.com/rushdb/get_image.action?type=1&osplang=1&cid=17955&ciid=1&enc=rhyK0QaMjm2bNwzv2pcrmA&app=tournament&request_locale=ja,images\17955_1.jpg,OK,
Acoustiglee,RD/KP11-JP009,N,ノーマル仕様,RD/KP11,デッキ改造パック　旋風のフォルテシモ！！,18241,1,PACK_PAGE,matched cid on pack page,https://www.db.yugioh-card.com/rushdb/get_image.action?type=1&osplang=1&cid=18241&ciid=1&enc=W4ZlGib0hj3j9ZNW3oQYYw&app=tournament&request_locale=ja,images\18241_1.jpg,OK,
Alkyl the Flame Emperor of the Lamp,RD/KP11-JP012,N,ノーマル仕様,RD/KP11,デッキ改造パック　旋風のフォルテシモ！！,18244,1,PACK_PAGE,matched cid on pack page,https://www.db.yugioh-card.com/rushdb/get_image.action?type=1&osplang=1&cid=18244&ciid=1&enc=q2mqJ6ppWcFOvr6awClvFg&app=tournament&request_locale=ja,images\18244_1.jpg,OK,
Almastra XI - Aquarius,RD/ORP1-JP057,ORR,オーバーラッシュレア仕様,RD/ORP1,オーバーラッシュパック,18386,101,DETAIL_HEURISTIC_CONFIRMED,confirmed rule: ORR uses highest ciid; pack page has one representative image for multiple printing rarities on the same cid/pid,https://www.db.yugioh-card.com/rushdb/get_image.action?type=1&cid=18386&ciid=101&enc=zRcRAktXNcieWc6EO5NS_A,images\18386_101.jpg,OK,
Almastra XI - Aquarius,RD/ORP1-JP057,UR,ウルトラレア仕様,RD/ORP1,オーバーラッシュパック,18386,1,DETAIL_HEURISTIC_CONFIRMED,confirmed rule: non-ORR uses lowest ciid; pack page has one representative image for multiple printing rarities on the same cid/pid,https://www.db.yugioh-card.com/rushdb/get_image.action?type=1&osplang=1&cid=18386&ciid=1&enc=zRcRAktXNcieWc6EO5NS_A&app=tournament&request_locale=ja,images\18386_1.jpg,OK,
Alchemicalize Salamandra,RD/KP12-JP032,SR,スーパーレア仕様,RD/KP12,デッキ改造パック　強襲のダブルスター！！,18614,1,PACK_PAGE,matched cid on pack page,https://www.db.yugioh-card.com/rushdb/get_image.action?type=1&osplang=1&cid=18614&ciid=1&enc=B9v5LwcuSPHn4rwntD_HwQ&app=tournament&request_locale=ja,images\18614_1.jpg,OK,
Altierra the Skysavior Transience,RD/ORP4-JP042,N,ノーマル仕様,RD/ORP4,オーバーラッシュパック４,18621,1,PACK_PAGE,matched cid on pack page,https://www.db.yugioh-card.com/rushdb/get_image.action?type=1&osplang=1&cid=18621&ciid=1&enc=5-RdJZ9EG-zpZ67rjn94Dw&app=tournament&request_locale=ja,images\18621_1.jpg,OK,
Altierra the Skysavior Transience,RD/5TH1-JP053,P+SR,パラレル仕様スーパーレア,RD/5TH1,5th ANNIVERSARY PACK,18621,1,DETAIL_HEURISTIC_CONFIRMED,confirmed rule: non-ORR uses lowest ciid; pack page has one representative image for multiple printing rarities on the same cid/pid,https://www.db.yugioh-card.com/rushdb/get_image.action?type=1&osplang=1&cid=18621&ciid=1&enc=5-RdJZ9EG-zpZ67rjn94Dw&app=tournament&request_locale=ja,images\18621_1.jpg,OK,
Altierra the Skysavior Transience,RD/5TH1-JP053,SE,シークレットレア仕様,RD/5TH1,5th ANNIVERSARY PACK,18621,1,DETAIL_HEURISTIC_CONFIRMED,confirmed rule: non-ORR uses lowest ciid; pack page has one representative image for multiple printing rarities on the same cid/pid,https://www.db.yugioh-card.com/rushdb/get_image.action?type=1&osplang=1&cid=18621&ciid=1&enc=5-RdJZ9EG-zpZ67rjn94Dw&app=tournament&request_locale=ja,images\18621_1.jpg,OK,
Altierra the Skysavior Transience,RD/B231-JP004,N,ノーマル仕様,RD/B231,バトルパック 2023 Vol.1,18621,1,DETAIL_HEURISTIC_CONFIRMED,confirmed rule: non-ORR uses lowest ciid; pack page has one representative image for multiple printing rarities on the same cid/pid,https://www.db.yugioh-card.com/rushdb/get_image.action?type=1&osplang=1&cid=18621&ciid=1&enc=5-RdJZ9EG-zpZ67rjn94Dw&app=tournament&request_locale=ja,images\18621_1.jpg,OK,
Altierra the Skysavior Transience,RD/B231-JP004,SR,スーパーレア仕様,RD/B231,バトルパック 2023 Vol.1,18621,1,DETAIL_HEURISTIC_CONFIRMED,confirmed rule: non-ORR uses lowest ciid; pack page has one representative image for multiple printing rarities on the same cid/pid,https://www.db.yugioh-card.com/rushdb/get_image.action?type=1&osplang=1&cid=18621&ciid=1&enc=5-RdJZ9EG-zpZ67rjn94Dw&app=tournament&request_locale=ja,images\18621_1.jpg,OK,
Altierra the Skysavior Transience,RD/KP12-JP039,R,レア仕様,RD/KP12,デッキ改造パック　強襲のダブルスター！！,18621,1,PACK_PAGE,matched cid on pack page,https://www.db.yugioh-card.com/rushdb/get_image.action?type=1&osplang=1&cid=18621&ciid=1&enc=5-RdJZ9EG-zpZ67rjn94Dw&app=tournament&request_locale=ja,images\18621_1.jpg,OK,
Aitsu,RD/B224-JP009,N,ノーマル仕様,RD/B224,バトルパック 2022 Vol.4,18652,1,PACK_PAGE,matched cid on pack page,https://www.db.yugioh-card.com/rushdb/get_image.action?type=1&osplang=1&cid=18652&ciid=1&enc=4EdGwjbp0OY8pWdhJX7Tgg&app=tournament&request_locale=ja,images\18652_1.jpg,OK,
Abyssal Dragon Lord Abyss Poseidra [L],RD/VSP1-JP013,ORR,オーバーラッシュレア仕様,RD/VSP1,VSパック マキシマム・フォース,18757,101,DETAIL_HEURISTIC_CONFIRMED,confirmed rule: ORR uses highest ciid; pack page has one representative image for multiple printing rarities on the same cid/pid,https://www.db.yugioh-card.com/rushdb/get_image.action?type=1&cid=18757&ciid=101&enc=P6uk90NkKHXogH-Y0yR-Kw,images\18757_101.jpg,OK,
Abyssal Dragon Lord Abyss Poseidra [L],RD/VSP1-JP013,P,パラレル仕様,RD/VSP1,VSパック マキシマム・フォース,18757,1,DETAIL_HEURISTIC_CONFIRMED,confirmed rule: non-ORR uses lowest ciid; pack page has one representative image for multiple printing rarities on the same cid/pid,https://www.db.yugioh-card.com/rushdb/get_image.action?type=1&osplang=1&cid=18757&ciid=1&enc=P6uk90NkKHXogH-Y0yR-Kw&app=tournament&request_locale=ja,images\18757_1.jpg,OK,
Abyssal Dragon Lord Abyss Poseidra,RD/VSP1-JP014,ORR,オーバーラッシュレア仕様,RD/VSP1,VSパック マキシマム・フォース,18758,101,DETAIL_HEURISTIC_CONFIRMED,confirmed rule: ORR uses highest ciid; pack page has one representative image for multiple printing rarities on the same cid/pid,https://www.db.yugioh-card.com/rushdb/get_image.action?type=1&cid=18758&ciid=101&enc=EuZth4Cl0khEDt_e1j7mmA,images\18758_101.jpg,OK,
Abyssal Dragon Lord Abyss Poseidra,RD/VSP1-JP014,P,パラレル仕様,RD/VSP1,VSパック マキシマム・フォース,18758,1,DETAIL_HEURISTIC_CONFIRMED,confirmed rule: non-ORR uses lowest ciid; pack page has one representative image for multiple printing rarities on the same cid/pid,https://www.db.yugioh-card.com/rushdb/get_image.action?type=1&osplang=1&cid=18758&ciid=1&enc=EuZth4Cl0khEDt_e1j7mmA&app=tournament&request_locale=ja,images\18758_1.jpg,OK,
Abyssal Dragon Lord Abyss Poseidra [R],RD/VSP1-JP015,ORR,オーバーラッシュレア仕様,RD/VSP1,VSパック マキシマム・フォース,18759,101,DETAIL_HEURISTIC_CONFIRMED,confirmed rule: ORR uses highest ciid; pack page has one representative image for multiple printing rarities on the same cid/pid,https://www.db.yugioh-card.com/rushdb/get_image.action?type=1&cid=18759&ciid=101&enc=SFsUkK1QO2-QlR7Nq2TReg,images\18759_101.jpg,OK,
Abyssal Dragon Lord Abyss Poseidra [R],RD/VSP1-JP015,P,パラレル仕様,RD/VSP1,VSパック マキシマム・フォース,18759,1,DETAIL_HEURISTIC_CONFIRMED,confirmed rule: non-ORR uses lowest ciid; pack page has one representative image for multiple printing rarities on the same cid/pid,https://www.db.yugioh-card.com/rushdb/get_image.action?type=1&osplang=1&cid=18759&ciid=1&enc=SFsUkK1QO2-QlR7Nq2TReg&app=tournament&request_locale=ja,images\18759_1.jpg,OK,
Abyssal Sea Dragon Abyss Kraken [L],RD/VSP1-JP016,ORR,オーバーラッシュレア仕様,RD/VSP1,VSパック マキシマム・フォース,18760,101,DETAIL_HEURISTIC_CONFIRMED,confirmed rule: ORR uses highest ciid; pack page has one representative image for multiple printing rarities on the same cid/pid,https://www.db.yugioh-card.com/rushdb/get_image.action?type=1&cid=18760&ciid=101&enc=lnc4mgcVv2vRWBXmLwTGCA,images\18760_101.jpg,OK,
Abyssal Sea Dragon Abyss Kraken [L],RD/VSP1-JP016,P,パラレル仕様,RD/VSP1,VSパック マキシマム・フォース,18760,1,DETAIL_HEURISTIC_CONFIRMED,confirmed rule: non-ORR uses lowest ciid; pack page has one representative image for multiple printing rarities on the same cid/pid,https://www.db.yugioh-card.com/rushdb/get_image.action?type=1&osplang=1&cid=18760&ciid=1&enc=lnc4mgcVv2vRWBXmLwTGCA&app=tournament&request_locale=ja,images\18760_1.jpg,OK,
Abyssal Sea Dragon Abyss Kraken,RD/VSP1-JP017,ORR,オーバーラッシュレア仕様,RD/VSP1,VSパック マキシマム・フォース,18761,101,DETAIL_HEURISTIC_CONFIRMED,confirmed rule: ORR uses highest ciid; pack page has one representative image for multiple printing rarities on the same cid/pid,https://www.db.yugioh-card.com/rushdb/get_image.action?type=1&cid=18761&ciid=101&enc=A4XeYP-HwSphA60i3VDSMw,images\18761_101.jpg,OK,
Abyssal Sea Dragon Abyss Kraken,RD/VSP1-JP017,P,パラレル仕様,RD/VSP1,VSパック マキシマム・フォース,18761,1,DETAIL_HEURISTIC_CONFIRMED,confirmed rule: non-ORR uses lowest ciid; pack page has one representative image for multiple printing rarities on the same cid/pid,https://www.db.yugioh-card.com/rushdb/get_image.action?type=1&osplang=1&cid=18761&ciid=1&enc=A4XeYP-HwSphA60i3VDSMw&app=tournament&request_locale=ja,images\18761_1.jpg,OK,
Abyssal Sea Dragon Abyss Kraken [R],RD/VSP1-JP018,ORR,オーバーラッシュレア仕様,RD/VSP1,VSパック マキシマム・フォース,18762,101,DETAIL_HEURISTIC_CONFIRMED,confirmed rule: ORR uses highest ciid; pack page has one representative image for multiple printing rarities on the same cid/pid,https://www.db.yugioh-card.com/rushdb/get_image.action?type=1&cid=18762&ciid=101&enc=MTQwXOCkmNBZ7E0iJBF84w,images\18762_101.jpg,OK,
Abyssal Sea Dragon Abyss Kraken [R],RD/VSP1-JP018,P,パラレル仕様,RD/VSP1,VSパック マキシマム・フォース,18762,1,DETAIL_HEURISTIC_CONFIRMED,confirmed rule: non-ORR uses lowest ciid; pack page has one representative image for multiple printing rarities on the same cid/pid,https://www.db.yugioh-card.com/rushdb/get_image.action?type=1&osplang=1&cid=18762&ciid=1&enc=MTQwXOCkmNBZ7E0iJBF84w&app=tournament&request_locale=ja,images\18762_1.jpg,OK,
Abysslayer Apsaras,RD/VSP1-JP028,SE,シークレットレア仕様,RD/VSP1,VSパック マキシマム・フォース,18769,1,DETAIL_HEURISTIC_CONFIRMED,confirmed rule: non-ORR uses lowest ciid; pack page has one representative image for multiple printing rarities on the same cid/pid,https://www.db.yugioh-card.com/rushdb/get_image.action?type=1&osplang=1&cid=18769&ciid=1&enc=GqnNHyejK9Y6Qg7DHp986g&app=tournament&request_locale=ja,images\18769_1.jpg,OK,
Abysslayer Apsaras,RD/VSP1-JP028,SR,スーパーレア仕様,RD/VSP1,VSパック マキシマム・フォース,18769,1,DETAIL_HEURISTIC_CONFIRMED,confirmed rule: non-ORR uses lowest ciid; pack page has one representative image for multiple printing rarities on the same cid/pid,https://www.db.yugioh-card.com/rushdb/get_image.action?type=1&osplang=1&cid=18769&ciid=1&enc=GqnNHyejK9Y6Qg7DHp986g&app=tournament&request_locale=ja,images\18769_1.jpg,OK,
Abysslayer Makara,RD/VSP1-JP029,N,ノーマル仕様,RD/VSP1,VSパック マキシマム・フォース,18770,1,PACK_PAGE,matched cid on pack page,https://www.db.yugioh-card.com/rushdb/get_image.action?type=1&osplang=1&cid=18770&ciid=1&enc=V40fpaD10iZV0Qa1FQ9icg&app=tournament&request_locale=ja,images\18770_1.jpg,OK,
Abysslayer Cetus,RD/VSP1-JP030,N,ノーマル仕様,RD/VSP1,VSパック マキシマム・フォース,18771,1,PACK_PAGE,matched cid on pack page,https://www.db.yugioh-card.com/rushdb/get_image.action?type=1&osplang=1&cid=18771&ciid=1&enc=WPs59HJaFLke5ubGqgkzZg&app=tournament&request_locale=ja,images\18771_1.jpg,OK,
Abysslayer Vodyanoy,RD/5TH1-JP109,SR,スーパーレア仕様,RD/5TH1,5th ANNIVERSARY PACK,18772,1,PACK_PAGE,matched cid on pack page,https://www.db.yugioh-card.com/rushdb/get_image.action?type=1&osplang=1&cid=18772&ciid=1&enc=g9NCXu7mFd1pOegueFkVrw&app=tournament&request_locale=ja,images\18772_1.jpg,OK,
Abysslayer Vodyanoy,RD/VSP1-JP031,N,ノーマル仕様,RD/VSP1,VSパック マキシマム・フォース,18772,1,PACK_PAGE,matched cid on pack page,https://www.db.yugioh-card.com/rushdb/get_image.action?type=1&osplang=1&cid=18772&ciid=1&enc=g9NCXu7mFd1pOegueFkVrw&app=tournament&request_locale=ja,images\18772_1.jpg,OK,
Aero Sorcerer,RD/TH02-JP007,N,ノーマル仕様,RD/TH02,ハーフデッキ 魔法使い族,18931,1,PACK_PAGE,matched cid on pack page,https://www.db.yugioh-card.com/rushdb/get_image.action?type=1&osplang=1&cid=18931&ciid=1&enc=xEC58CdOi_EH2L9i6Wddeg&app=tournament&request_locale=ja,images\18931_1.jpg,OK,
Aero Sorcerer,RD/KP13-JP002,N,ノーマル仕様,RD/KP13,閃光のオブリビオン,18931,1,PACK_PAGE,matched cid on pack page,https://www.db.yugioh-card.com/rushdb/get_image.action?type=1&osplang=1&cid=18931&ciid=1&enc=xEC58CdOi_EH2L9i6Wddeg&app=tournament&request_locale=ja,images\18931_1.jpg,OK,
Agent Miscast,RD/5TH1-JP113,SR,スーパーレア仕様,RD/5TH1,5th ANNIVERSARY PACK,19295,1,PACK_PAGE,matched cid on pack page,https://www.db.yugioh-card.com/rushdb/get_image.action?type=1&osplang=1&cid=19295&ciid=1&enc=ooHkZpl2-4pXEd2WouFGjg&app=tournament&request_locale=ja,images\19295_1.jpg,OK,
Agent Miscast,RD/KP14-JP018,N,ノーマル仕様,RD/KP14,轟炎のフェニックス,19295,1,PACK_PAGE,matched cid on pack page,https://www.db.yugioh-card.com/rushdb/get_image.action?type=1&osplang=1&cid=19295&ciid=1&enc=ooHkZpl2-4pXEd2WouFGjg&app=tournament&request_locale=ja,images\19295_1.jpg,OK,
Agent Mistake,RD/5TH1-JP114,SR,スーパーレア仕様,RD/5TH1,5th ANNIVERSARY PACK,19296,1,PACK_PAGE,matched cid on pack page,https://www.db.yugioh-card.com/rushdb/get_image.action?type=1&osplang=1&cid=19296&ciid=1&enc=tRduTRwLGLU-Y-SP8b1kZA&app=tournament&request_locale=ja,images\19296_1.jpg,OK,
Agent Mistake,RD/KP14-JP019,N,ノーマル仕様,RD/KP14,轟炎のフェニックス,19296,1,PACK_PAGE,matched cid on pack page,https://www.db.yugioh-card.com/rushdb/get_image.action?type=1&osplang=1&cid=19296&ciid=1&enc=tRduTRwLGLU-Y-SP8b1kZA&app=tournament&request_locale=ja,images\19296_1.jpg,OK,
Agent Mismatch,RD/KP14-JP020,N,ノーマル仕様,RD/KP14,轟炎のフェニックス,19297,1,PACK_PAGE,matched cid on pack page,https://www.db.yugioh-card.com/rushdb/get_image.action?type=1&osplang=1&cid=19297&ciid=1&enc=8MRZqd3X87tkPir6gsRA6w&app=tournament&request_locale=ja,images\19297_1.jpg,OK,
Agent Mislead,RD/KP14-JP021,N,ノーマル仕様,RD/KP14,轟炎のフェニックス,19298,1,PACK_PAGE,matched cid on pack page,https://www.db.yugioh-card.com/rushdb/get_image.action?type=1&osplang=1&cid=19298&ciid=1&enc=qODbvFmjTwHuMh47mkmUog&app=tournament&request_locale=ja,images\19298_1.jpg,OK,
Abysslayer Leviaknight,RD/KP14-JP023,ORR,オーバーラッシュレア仕様,RD/KP14,轟炎のフェニックス,19300,101,DETAIL_HEURISTIC_CONFIRMED,confirmed rule: ORR uses highest ciid; pack page has one representative image for multiple printing rarities on the same cid/pid,https://www.db.yugioh-card.com/rushdb/get_image.action?type=1&cid=19300&ciid=101&enc=K5V8cPZX5To9piA56aLwRg,images\19300_101.jpg,OK,
Abysslayer Leviaknight,RD/KP14-JP023,SE,シークレットレア仕様,RD/KP14,轟炎のフェニックス,19300,1,DETAIL_HEURISTIC_CONFIRMED,confirmed rule: non-ORR uses lowest ciid; pack page has one representative image for multiple printing rarities on the same cid/pid,https://www.db.yugioh-card.com/rushdb/get_image.action?type=1&osplang=1&cid=19300&ciid=1&enc=K5V8cPZX5To9piA56aLwRg&app=tournament&request_locale=ja,images\19300_1.jpg,OK,
Abysslayer Leviaknight,RD/KP14-JP023,UR,ウルトラレア仕様,RD/KP14,轟炎のフェニックス,19300,1,DETAIL_HEURISTIC_CONFIRMED,confirmed rule: non-ORR uses lowest ciid; pack page has one representative image for multiple printing rarities on the same cid/pid,https://www.db.yugioh-card.com/rushdb/get_image.action?type=1&osplang=1&cid=19300&ciid=1&enc=K5V8cPZX5To9piA56aLwRg&app=tournament&request_locale=ja,images\19300_1.jpg,OK,
Abysskite Ange,RD/5TH1-JP110,SR,スーパーレア仕様,RD/5TH1,5th ANNIVERSARY PACK,19301,1,PACK_PAGE,matched cid on pack page,https://www.db.yugioh-card.com/rushdb/get_image.action?type=1&osplang=1&cid=19301&ciid=1&enc=2CrpWYpwlpg5BLW0lvbe4A&app=tournament&request_locale=ja,images\19301_1.jpg,OK,
Abysskite Ange,RD/KP14-JP024,R,レア仕様,RD/KP14,轟炎のフェニックス,19301,1,DETAIL_HEURISTIC_CONFIRMED,confirmed rule: non-ORR uses lowest ciid; pack page has one representative image for multiple printing rarities on the same cid/pid,https://www.db.yugioh-card.com/rushdb/get_image.action?type=1&osplang=1&cid=19301&ciid=1&enc=2CrpWYpwlpg5BLW0lvbe4A&app=tournament&request_locale=ja,images\19301_1.jpg,OK,
Abysskite Ange,RD/KP14-JP024,SE,シークレットレア仕様,RD/KP14,轟炎のフェニックス,19301,1,DETAIL_HEURISTIC_CONFIRMED,confirmed rule: non-ORR uses lowest ciid; pack page has one representative image for multiple printing rarities on the same cid/pid,https://www.db.yugioh-card.com/rushdb/get_image.action?type=1&osplang=1&cid=19301&ciid=1&enc=2CrpWYpwlpg5BLW0lvbe4A&app=tournament&request_locale=ja,images\19301_1.jpg,OK,
Abysskite Liem,RD/5TH1-JP111,SR,スーパーレア仕様,RD/5TH1,5th ANNIVERSARY PACK,19302,1,PACK_PAGE,matched cid on pack page,https://www.db.yugioh-card.com/rushdb/get_image.action?type=1&osplang=1&cid=19302&ciid=1&enc=l2WTa7Ui7w2GCT0lUirpJw&app=tournament&request_locale=ja,images\19302_1.jpg,OK,
Abysskite Liem,RD/KP14-JP025,R,レア仕様,RD/KP14,轟炎のフェニックス,19302,1,DETAIL_HEURISTIC_CONFIRMED,confirmed rule: non-ORR uses lowest ciid; pack page has one representative image for multiple printing rarities on the same cid/pid,https://www.db.yugioh-card.com/rushdb/get_image.action?type=1&osplang=1&cid=19302&ciid=1&enc=l2WTa7Ui7w2GCT0lUirpJw&app=tournament&request_locale=ja,images\19302_1.jpg,OK,
Abysskite Liem,RD/KP14-JP025,SE,シークレットレア仕様,RD/KP14,轟炎のフェニックス,19302,1,DETAIL_HEURISTIC_CONFIRMED,confirmed rule: non-ORR uses lowest ciid; pack page has one representative image for multiple printing rarities on the same cid/pid,https://www.db.yugioh-card.com/rushdb/get_image.action?type=1&osplang=1&cid=19302&ciid=1&enc=l2WTa7Ui7w2GCT0lUirpJw&app=tournament&request_locale=ja,images\19302_1.jpg,OK,
Abysskite Karen,RD/5TH1-JP112,SR,スーパーレア仕様,RD/5TH1,5th ANNIVERSARY PACK,19303,1,PACK_PAGE,matched cid on pack page,https://www.db.yugioh-card.com/rushdb/get_image.action?type=1&osplang=1&cid=19303&ciid=1&enc=kAtgk6oMO9gy1G86RaNiww&app=tournament&request_locale=ja,images\19303_1.jpg,OK,
Abysskite Karen,RD/KP14-JP026,R,レア仕様,RD/KP14,轟炎のフェニックス,19303,1,DETAIL_HEURISTIC_CONFIRMED,confirmed rule: non-ORR uses lowest ciid; pack page has one representative image for multiple printing rarities on the same cid/pid,https://www.db.yugioh-card.com/rushdb/get_image.action?type=1&osplang=1&cid=19303&ciid=1&enc=kAtgk6oMO9gy1G86RaNiww&app=tournament&request_locale=ja,images\19303_1.jpg,OK,
Abysskite Karen,RD/KP14-JP026,SE,シークレットレア仕様,RD/KP14,轟炎のフェニックス,19303,1,DETAIL_HEURISTIC_CONFIRMED,confirmed rule: non-ORR uses lowest ciid; pack page has one representative image for multiple printing rarities on the same cid/pid,https://www.db.yugioh-card.com/rushdb/get_image.action?type=1&osplang=1&cid=19303&ciid=1&enc=kAtgk6oMO9gy1G86RaNiww&app=tournament&request_locale=ja,images\19303_1.jpg,OK,
All-Seeing Harvey,RD/SD0F-JP018,N,ノーマル仕様,RD/SD0F,ストラクチャーデッキ 帝王の凱旋,19317,1,PACK_PAGE,matched cid on pack page,https://www.db.yugioh-card.com/rushdb/get_image.action?type=1&osplang=1&cid=19317&ciid=1&enc=k_CeeLCtGDdqxXW9M8id9w&app=tournament&request_locale=ja,images\19317_1.jpg,OK,
All-Seeing Harvey,RD/KP14-JP040,ORR,オーバーラッシュレア仕様,RD/KP14,轟炎のフェニックス,19317,101,DETAIL_HEURISTIC_CONFIRMED,confirmed rule: ORR uses highest ciid; pack page has one representative image for multiple printing rarities on the same cid/pid,https://www.db.yugioh-card.com/rushdb/get_image.action?type=1&cid=19317&ciid=101&enc=k_CeeLCtGDdqxXW9M8id9w,images\19317_101.jpg,OK,
All-Seeing Harvey,RD/KP14-JP040,SE,シークレットレア仕様,RD/KP14,轟炎のフェニックス,19317,1,DETAIL_HEURISTIC_CONFIRMED,confirmed rule: non-ORR uses lowest ciid; pack page has one representative image for multiple printing rarities on the same cid/pid,https://www.db.yugioh-card.com/rushdb/get_image.action?type=1&osplang=1&cid=19317&ciid=1&enc=k_CeeLCtGDdqxXW9M8id9w&app=tournament&request_locale=ja,images\19317_1.jpg,OK,
All-Seeing Harvey,RD/KP14-JP040,UR,ウルトラレア仕様,RD/KP14,轟炎のフェニックス,19317,1,DETAIL_HEURISTIC_CONFIRMED,confirmed rule: non-ORR uses lowest ciid; pack page has one representative image for multiple printing rarities on the same cid/pid,https://www.db.yugioh-card.com/rushdb/get_image.action?type=1&osplang=1&cid=19317&ciid=1&enc=k_CeeLCtGDdqxXW9M8id9w&app=tournament&request_locale=ja,images\19317_1.jpg,OK,
Absolute Lord of D.,RD/AP01-JP080,SE,シークレットレア仕様,RD/AP01,アドバンスパック デビルズ・セレモニー,19426,1,PACK_PAGE,matched cid on pack page,https://www.db.yugioh-card.com/rushdb/get_image.action?type=1&osplang=1&cid=19426&ciid=1&enc=oTehWSSArsvJDRwbcgHulQ&app=tournament&request_locale=ja,images\19426_1.jpg,OK,
Absolute Lord of D.,RD/SD0A-JP005,N,ノーマル仕様,RD/SD0A,ストラクチャーデッキ 究極の青眼伝説,19426,1,PACK_PAGE,matched cid on pack page,https://www.db.yugioh-card.com/rushdb/get_image.action?type=1&osplang=1&cid=19426&ciid=1&enc=oTehWSSArsvJDRwbcgHulQ&app=tournament&request_locale=ja,images\19426_1.jpg,OK,
Absolute Lord of D.,RD/SD0A-JPS04,SR,スーパーレア仕様,RD/SD0A,ストラクチャーデッキ 究極の青眼伝説 特典カード,19426,1,PACK_PAGE,matched cid on pack page,https://www.db.yugioh-card.com/rushdb/get_image.action?type=1&osplang=1&cid=19426&ciid=1&enc=oTehWSSArsvJDRwbcgHulQ&app=tournament&request_locale=ja,images\19426_1.jpg,OK,
Accel Wonder Light,RD/SD0E-JP016,P,パラレル仕様,RD/SD0E,ストラクチャーデッキ 黒魔術の儀式,19548,1,PACK_PAGE,matched cid on pack page,https://www.db.yugioh-card.com/rushdb/get_image.action?type=1&osplang=1&cid=19548&ciid=1&enc=ZA8NPa80m8Obz8L8o-5-jg&app=tournament&request_locale=ja,images\19548_1.jpg,OK,
Accel Wonder Light,RD/5TH1-JP135,SE,シークレットレア仕様,RD/5TH1,5th ANNIVERSARY PACK,19548,1,PACK_PAGE,matched cid on pack page,https://www.db.yugioh-card.com/rushdb/get_image.action?type=1&osplang=1&cid=19548&ciid=1&enc=ZA8NPa80m8Obz8L8o-5-jg&app=tournament&request_locale=ja,images\19548_1.jpg,OK,
Accel Wonder Light,RD/MRP2-JP012,SR,スーパーレア仕様,RD/MRP2,メガロードパック２,19548,1,PACK_PAGE,matched cid on pack page,https://www.db.yugioh-card.com/rushdb/get_image.action?type=1&osplang=1&cid=19548&ciid=1&enc=ZA8NPa80m8Obz8L8o-5-jg&app=tournament&request_locale=ja,images\19548_1.jpg,OK,
Alligator's Black Knight,RD/KP15-JP026,N,ノーマル仕様,RD/KP15,闇黒のレッドリブート,19661,1,PACK_PAGE,matched cid on pack page,https://www.db.yugioh-card.com/rushdb/get_image.action?type=1&osplang=1&cid=19661&ciid=1&enc=BWRiMlyUNNqQyl0bj3s1Qw&app=tournament&request_locale=ja,images\19661_1.jpg,OK,
Abysskite Miracle Girls,RD/HC01-JP040,ORR,オーバーラッシュレア仕様,RD/HC01,ハイグレードコレクション,19778,101,DETAIL_HEURISTIC_CONFIRMED,confirmed rule: ORR uses highest ciid; pack page has one representative image for multiple printing rarities on the same cid/pid,https://www.db.yugioh-card.com/rushdb/get_image.action?type=1&cid=19778&ciid=101&enc=-WtXwGEGMwhpDnTywpikdA,images\19778_101.jpg,OK,
Abysskite Miracle Girls,RD/HC01-JP040,SR,スーパーレア仕様,RD/HC01,ハイグレードコレクション,19778,1,DETAIL_HEURISTIC_CONFIRMED,confirmed rule: non-ORR uses lowest ciid; pack page has one representative image for multiple printing rarities on the same cid/pid,https://www.db.yugioh-card.com/rushdb/get_image.action?type=1&osplang=1&cid=19778&ciid=1&enc=-WtXwGEGMwhpDnTywpikdA&app=tournament&request_locale=ja,images\19778_1.jpg,OK,
Abysspiny Turtle,RD/HC01-JP081,N,ノーマル仕様,RD/HC01,ハイグレードコレクション,19797,1,DETAIL_HEURISTIC_CONFIRMED,confirmed rule: non-ORR uses lowest ciid; pack page has one representative image for multiple printing rarities on the same cid/pid,https://www.db.yugioh-card.com/rushdb/get_image.action?type=1&osplang=1&cid=19797&ciid=1&enc=fS_hcmQ15ed0t620gx8h4w&app=tournament&request_locale=ja,images\19797_1.jpg,OK,
Abysspiny Turtle,RD/HC01-JP081,SR,スーパーレア仕様,RD/HC01,ハイグレードコレクション,19797,1,DETAIL_HEURISTIC_CONFIRMED,confirmed rule: non-ORR uses lowest ciid; pack page has one representative image for multiple printing rarities on the same cid/pid,https://www.db.yugioh-card.com/rushdb/get_image.action?type=1&osplang=1&cid=19797&ciid=1&enc=fS_hcmQ15ed0t620gx8h4w&app=tournament&request_locale=ja,images\19797_1.jpg,OK,
Abysslayer Quintiamat,RD/KP16-JP021,ORR,オーバーラッシュレア仕様,RD/KP16,超越のトランザム,19969,101,DETAIL_HEURISTIC_CONFIRMED,confirmed rule: ORR uses highest ciid; pack page has one representative image for multiple printing rarities on the same cid/pid,https://www.db.yugioh-card.com/rushdb/get_image.action?type=1&cid=19969&ciid=101&enc=LooN5XZS2CQW4JLGKMMUqw,images\19969_101.jpg,OK,
Abysslayer Quintiamat,RD/KP16-JP021,SE,シークレットレア仕様,RD/KP16,超越のトランザム,19969,1,DETAIL_HEURISTIC_CONFIRMED,confirmed rule: non-ORR uses lowest ciid; pack page has one representative image for multiple printing rarities on the same cid/pid,https://www.db.yugioh-card.com/rushdb/get_image.action?type=1&osplang=1&cid=19969&ciid=1&enc=LooN5XZS2CQW4JLGKMMUqw&app=tournament&request_locale=ja,images\19969_1.jpg,OK,
Abysslayer Quintiamat,RD/KP16-JP021,UR,ウルトラレア仕様,RD/KP16,超越のトランザム,19969,1,DETAIL_HEURISTIC_CONFIRMED,confirmed rule: non-ORR uses lowest ciid; pack page has one representative image for multiple printing rarities on the same cid/pid,https://www.db.yugioh-card.com/rushdb/get_image.action?type=1&osplang=1&cid=19969&ciid=1&enc=LooN5XZS2CQW4JLGKMMUqw&app=tournament&request_locale=ja,images\19969_1.jpg,OK,
Agent Mishap,RD/KP16-JP022,R,レア仕様,RD/KP16,超越のトランザム,19970,1,PACK_PAGE,matched cid on pack page,https://www.db.yugioh-card.com/rushdb/get_image.action?type=1&osplang=1&cid=19970&ciid=1&enc=cECnAhnqX4XUvYXEJ-qsgg&app=tournament&request_locale=ja,images\19970_1.jpg,OK,
Animagica Witch,RD/TB02-JP070,P,パラレル仕様,RD/TB02,トリプルビルドパック エボリューション・インパクト,19979,1,PACK_PAGE,matched cid on pack page,https://www.db.yugioh-card.com/rushdb/get_image.action?type=1&osplang=1&cid=19979&ciid=1&enc=lrwY1IvvmQuTqUSzKTEYDQ&app=tournament&request_locale=ja,images\19979_1.jpg,OK,
Animagica Witch,RD/KP16-JP031,SE,シークレットレア仕様,RD/KP16,超越のトランザム,19979,1,DETAIL_HEURISTIC_CONFIRMED,confirmed rule: non-ORR uses lowest ciid; pack page has one representative image for multiple printing rarities on the same cid/pid,https://www.db.yugioh-card.com/rushdb/get_image.action?type=1&osplang=1&cid=19979&ciid=1&enc=lrwY1IvvmQuTqUSzKTEYDQ&app=tournament&request_locale=ja,images\19979_1.jpg,OK,
Animagica Witch,RD/KP16-JP031,SR,スーパーレア仕様,RD/KP16,超越のトランザム,19979,1,DETAIL_HEURISTIC_CONFIRMED,confirmed rule: non-ORR uses lowest ciid; pack page has one representative image for multiple printing rarities on the same cid/pid,https://www.db.yugioh-card.com/rushdb/get_image.action?type=1&osplang=1&cid=19979&ciid=1&enc=lrwY1IvvmQuTqUSzKTEYDQ&app=tournament&request_locale=ja,images\19979_1.jpg,OK,
Alpha the Magnet Cavalry,RD/ORP2-JP026,N,ノーマル仕様,RD/ORP2,オーバーラッシュパック２,20107,1,PACK_PAGE,matched cid on pack page,https://www.db.yugioh-card.com/rushdb/get_image.action?type=1&osplang=1&cid=20107&ciid=1&enc=nfLoIArY_jjh48rWUkcEDw&app=tournament&request_locale=ja,images\20107_1.jpg,OK,
Alpha The Magnet Warrior,RD/ORP2-JP029,P+UR,パラレル仕様ウルトラレア,RD/ORP2,オーバーラッシュパック２,20110,1,DETAIL_HEURISTIC_CONFIRMED,confirmed rule: non-ORR uses lowest ciid; pack page has one representative image for multiple printing rarities on the same cid/pid,https://www.db.yugioh-card.com/rushdb/get_image.action?type=1&osplang=1&cid=20110&ciid=1&enc=OUb9cwMNeKR385NqRhj4jw&app=tournament&request_locale=ja,images\20110_1.jpg,OK,
Alpha The Magnet Warrior,RD/ORP2-JP029,SR,スーパーレア仕様,RD/ORP2,オーバーラッシュパック２,20110,1,DETAIL_HEURISTIC_CONFIRMED,confirmed rule: non-ORR uses lowest ciid; pack page has one representative image for multiple printing rarities on the same cid/pid,https://www.db.yugioh-card.com/rushdb/get_image.action?type=1&osplang=1&cid=20110&ciid=1&enc=OUb9cwMNeKR385NqRhj4jw&app=tournament&request_locale=ja,images\20110_1.jpg,OK,
Alpha The Eternal Magnet Warrior,RD/ORP2-JP032,SE,シークレットレア仕様,RD/ORP2,オーバーラッシュパック２,20113,1,DETAIL_HEURISTIC_CONFIRMED,confirmed rule: non-ORR uses lowest ciid; pack page has one representative image for multiple printing rarities on the same cid/pid,https://www.db.yugioh-card.com/rushdb/get_image.action?type=1&osplang=1&cid=20113&ciid=1&enc=mYW65vHh9av450bZER73nQ&app=tournament&request_locale=ja,images\20113_1.jpg,OK,
Alpha The Eternal Magnet Warrior,RD/ORP2-JP032,SR,スーパーレア仕様,RD/ORP2,オーバーラッシュパック２,20113,1,DETAIL_HEURISTIC_CONFIRMED,confirmed rule: non-ORR uses lowest ciid; pack page has one representative image for multiple printing rarities on the same cid/pid,https://www.db.yugioh-card.com/rushdb/get_image.action?type=1&osplang=1&cid=20113&ciid=1&enc=mYW65vHh9av450bZER73nQ&app=tournament&request_locale=ja,images\20113_1.jpg,OK,
All Love Goddess,RD/ORP2-JP039,ORR,オーバーラッシュレア仕様,RD/ORP2,オーバーラッシュパック２,20120,101,DETAIL_HEURISTIC_CONFIRMED,confirmed rule: ORR uses highest ciid; pack page has one representative image for multiple printing rarities on the same cid/pid,https://www.db.yugioh-card.com/rushdb/get_image.action?type=1&cid=20120&ciid=101&enc=cKifsrhs4XEGD7oZY7e3Hg,images\20120_101.jpg,OK,
All Love Goddess,RD/ORP2-JP039,UR,ウルトラレア仕様,RD/ORP2,オーバーラッシュパック２,20120,1,DETAIL_HEURISTIC_CONFIRMED,confirmed rule: non-ORR uses lowest ciid; pack page has one representative image for multiple printing rarities on the same cid/pid,https://www.db.yugioh-card.com/rushdb/get_image.action?type=1&osplang=1&cid=20120&ciid=1&enc=cKifsrhs4XEGD7oZY7e3Hg&app=tournament&request_locale=ja,images\20120_1.jpg,OK,
Animagica Leader,RD/ORP2-JP074,ORR,オーバーラッシュレア仕様,RD/ORP2,オーバーラッシュパック２,20147,101,DETAIL_HEURISTIC_CONFIRMED,confirmed rule: ORR uses highest ciid; pack page has one representative image for multiple printing rarities on the same cid/pid,https://www.db.yugioh-card.com/rushdb/get_image.action?type=1&cid=20147&ciid=101&enc=SYpW64yWrvslUEJB-DwOfA,images\20147_101.jpg,OK,
Animagica Leader,RD/ORP2-JP074,UR,ウルトラレア仕様,RD/ORP2,オーバーラッシュパック２,20147,1,DETAIL_HEURISTIC_CONFIRMED,confirmed rule: non-ORR uses lowest ciid; pack page has one representative image for multiple printing rarities on the same cid/pid,https://www.db.yugioh-card.com/rushdb/get_image.action?type=1&osplang=1&cid=20147&ciid=1&enc=SYpW64yWrvslUEJB-DwOfA&app=tournament&request_locale=ja,images\20147_1.jpg,OK,
Advance Form,RD/SD0F-JP012,N,ノーマル仕様,RD/SD0F,ストラクチャーデッキ 帝王の凱旋,20329,1,PACK_PAGE,matched cid on pack page,https://www.db.yugioh-card.com/rushdb/get_image.action?type=1&osplang=1&cid=20329&ciid=1&enc=7lRD_z-B1aw1G6Swr_ubMQ&app=tournament&request_locale=ja,images\20329_1.jpg,OK,
Advance Form,RD/KP17-JP032,N,ノーマル仕様,RD/KP17,覚醒のバーストレックス,20329,1,PACK_PAGE,matched cid on pack page,https://www.db.yugioh-card.com/rushdb/get_image.action?type=1&osplang=1&cid=20329&ciid=1&enc=7lRD_z-B1aw1G6Swr_ubMQ&app=tournament&request_locale=ja,images\20329_1.jpg,OK,
Ancient Gear Golem,RD/LGP2-JP004,ORR,オーバーラッシュレア仕様,RD/LGP2,真・レジェンド覚醒パック,20838,101,DETAIL_HEURISTIC_CONFIRMED,confirmed rule: ORR uses highest ciid; pack page has one representative image for multiple printing rarities on the same cid/pid,https://www.db.yugioh-card.com/rushdb/get_image.action?type=1&cid=20838&ciid=101&enc=QRaRyV2e6OlYTI7uYVve0g,images\20838_101.jpg,OK,
Ancient Gear Golem,RD/LGP2-JP004,UR,ウルトラレア仕様,RD/LGP2,真・レジェンド覚醒パック,20838,1,DETAIL_HEURISTIC_CONFIRMED,confirmed rule: non-ORR uses lowest ciid; pack page has one representative image for multiple printing rarities on the same cid/pid,https://www.db.yugioh-card.com/rushdb/get_image.action?type=1&osplang=1&cid=20838&ciid=1&enc=QRaRyV2e6OlYTI7uYVve0g&app=tournament&request_locale=ja,images\20838_1.jpg,OK,
Ancient Gear Tyranno,RD/LGP2-JP005,ORR,オーバーラッシュレア仕様,RD/LGP2,真・レジェンド覚醒パック,20839,101,DETAIL_HEURISTIC_CONFIRMED,confirmed rule: ORR uses highest ciid; pack page has one representative image for multiple printing rarities on the same cid/pid,https://www.db.yugioh-card.com/rushdb/get_image.action?type=1&cid=20839&ciid=101&enc=MvR_tV0jAXziin7kLIOpuw,images\20839_101.jpg,OK,
Ancient Gear Tyranno,RD/LGP2-JP005,UR,ウルトラレア仕様,RD/LGP2,真・レジェンド覚醒パック,20839,1,DETAIL_HEURISTIC_CONFIRMED,confirmed rule: non-ORR uses lowest ciid; pack page has one representative image for multiple printing rarities on the same cid/pid,https://www.db.yugioh-card.com/rushdb/get_image.action?type=1&osplang=1&cid=20839&ciid=1&enc=MvR_tV0jAXziin7kLIOpuw&app=tournament&request_locale=ja,images\20839_1.jpg,OK,
Ancient Gear Powered Soldier,RD/LGP2-JP006,ORR,オーバーラッシュレア仕様,RD/LGP2,真・レジェンド覚醒パック,20840,101,DETAIL_HEURISTIC_CONFIRMED,confirmed rule: ORR uses highest ciid; pack page has one representative image for multiple printing rarities on the same cid/pid,https://www.db.yugioh-card.com/rushdb/get_image.action?type=1&cid=20840&ciid=101&enc=2Kxp0vqmC2sd6HhTSl-Obw,images\20840_101.jpg,OK,
Ancient Gear Powered Soldier,RD/LGP2-JP006,UR,ウルトラレア仕様,RD/LGP2,真・レジェンド覚醒パック,20840,1,DETAIL_HEURISTIC_CONFIRMED,confirmed rule: non-ORR uses lowest ciid; pack page has one representative image for multiple printing rarities on the same cid/pid,https://www.db.yugioh-card.com/rushdb/get_image.action?type=1&osplang=1&cid=20840&ciid=1&enc=2Kxp0vqmC2sd6HhTSl-Obw&app=tournament&request_locale=ja,images\20840_1.jpg,OK,
Ancient Gear Beast,RD/LGP2-JP007,SE,シークレットレア仕様,RD/LGP2,真・レジェンド覚醒パック,20841,1,DETAIL_HEURISTIC_CONFIRMED,confirmed rule: non-ORR uses lowest ciid; pack page has one representative image for multiple printing rarities on the same cid/pid,https://www.db.yugioh-card.com/rushdb/get_image.action?type=1&osplang=1&cid=20841&ciid=1&enc=v6YWk3COKhUJfTTrrlQrDg&app=tournament&request_locale=ja,images\20841_1.jpg,OK,
Ancient Gear Beast,RD/LGP2-JP007,SR,スーパーレア仕様,RD/LGP2,真・レジェンド覚醒パック,20841,1,DETAIL_HEURISTIC_CONFIRMED,confirmed rule: non-ORR uses lowest ciid; pack page has one representative image for multiple printing rarities on the same cid/pid,https://www.db.yugioh-card.com/rushdb/get_image.action?type=1&osplang=1&cid=20841&ciid=1&enc=v6YWk3COKhUJfTTrrlQrDg&app=tournament&request_locale=ja,images\20841_1.jpg,OK,
Ancient Gear Soldier,RD/LGP2-JP008,SE,シークレットレア仕様,RD/LGP2,真・レジェンド覚醒パック,20842,1,DETAIL_HEURISTIC_CONFIRMED,confirmed rule: non-ORR uses lowest ciid; pack page has one representative image for multiple printing rarities on the same cid/pid,https://www.db.yugioh-card.com/rushdb/get_image.action?type=1&osplang=1&cid=20842&ciid=1&enc=cP3gRX_LFV6Q1yGgX5fmKw&app=tournament&request_locale=ja,images\20842_1.jpg,OK,
Ancient Gear Soldier,RD/LGP2-JP008,SR,スーパーレア仕様,RD/LGP2,真・レジェンド覚醒パック,20842,1,DETAIL_HEURISTIC_CONFIRMED,confirmed rule: non-ORR uses lowest ciid; pack page has one representative image for multiple printing rarities on the same cid/pid,https://www.db.yugioh-card.com/rushdb/get_image.action?type=1&osplang=1&cid=20842&ciid=1&enc=cP3gRX_LFV6Q1yGgX5fmKw&app=tournament&request_locale=ja,images\20842_1.jpg,OK,
Ancient Gear Medic,RD/LGP2-JP009,SE,シークレットレア仕様,RD/LGP2,真・レジェンド覚醒パック,20843,1,DETAIL_HEURISTIC_CONFIRMED,confirmed rule: non-ORR uses lowest ciid; pack page has one representative image for multiple printing rarities on the same cid/pid,https://www.db.yugioh-card.com/rushdb/get_image.action?type=1&osplang=1&cid=20843&ciid=1&enc=WbhaYsrClO6d8YUj-sM1Sw&app=tournament&request_locale=ja,images\20843_1.jpg,OK,
Ancient Gear Medic,RD/LGP2-JP009,SR,スーパーレア仕様,RD/LGP2,真・レジェンド覚醒パック,20843,1,DETAIL_HEURISTIC_CONFIRMED,confirmed rule: non-ORR uses lowest ciid; pack page has one representative image for multiple printing rarities on the same cid/pid,https://www.db.yugioh-card.com/rushdb/get_image.action?type=1&osplang=1&cid=20843&ciid=1&enc=WbhaYsrClO6d8YUj-sM1Sw&app=tournament&request_locale=ja,images\20843_1.jpg,OK,
Ancient Gear Supplier,RD/LGP2-JP010,N,ノーマル仕様,RD/LGP2,真・レジェンド覚醒パック,20844,1,DETAIL_HEURISTIC_CONFIRMED,confirmed rule: non-ORR uses lowest ciid; pack page has one representative image for multiple printing rarities on the same cid/pid,https://www.db.yugioh-card.com/rushdb/get_image.action?type=1&osplang=1&cid=20844&ciid=1&enc=oIJBGEkSSPH1sBWQb-o8KA&app=tournament&request_locale=ja,images\20844_1.jpg,OK,
Ancient Gear Supplier,RD/LGP2-JP010,SE,シークレットレア仕様,RD/LGP2,真・レジェンド覚醒パック,20844,1,DETAIL_HEURISTIC_CONFIRMED,confirmed rule: non-ORR uses lowest ciid; pack page has one representative image for multiple printing rarities on the same cid/pid,https://www.db.yugioh-card.com/rushdb/get_image.action?type=1&osplang=1&cid=20844&ciid=1&enc=oIJBGEkSSPH1sBWQb-o8KA&app=tournament&request_locale=ja,images\20844_1.jpg,OK,
Ancient Gear Crown,RD/LGP2-JP011,N,ノーマル仕様,RD/LGP2,真・レジェンド覚醒パック,20845,1,DETAIL_HEURISTIC_CONFIRMED,confirmed rule: non-ORR uses lowest ciid; pack page has one representative image for multiple printing rarities on the same cid/pid,https://www.db.yugioh-card.com/rushdb/get_image.action?type=1&osplang=1&cid=20845&ciid=1&enc=JuFOBX6CvBQE_kqvM_4dtg&app=tournament&request_locale=ja,images\20845_1.jpg,OK,
Ancient Gear Crown,RD/LGP2-JP011,SE,シークレットレア仕様,RD/LGP2,真・レジェンド覚醒パック,20845,1,DETAIL_HEURISTIC_CONFIRMED,confirmed rule: non-ORR uses lowest ciid; pack page has one representative image for multiple printing rarities on the same cid/pid,https://www.db.yugioh-card.com/rushdb/get_image.action?type=1&osplang=1&cid=20845&ciid=1&enc=JuFOBX6CvBQE_kqvM_4dtg&app=tournament&request_locale=ja,images\20845_1.jpg,OK,
Ancient Gear Gadjiltron Manticore,RD/B244-JP004,SR,スーパーレア仕様,RD/B244,バトルパック 2024 Vol.4,20969,1,PACK_PAGE,matched cid on pack page,https://www.db.yugioh-card.com/rushdb/get_image.action?type=1&osplang=1&cid=20969&ciid=1&enc=aZ9PUVGOneIzy_MSF-dg2A&app=tournament&request_locale=ja,images\20969_1.jpg,OK,
Ancient Gear Gadjiltron Manticore,RD/KP19-JP018,N,ノーマル仕様,RD/KP19,灼熱のサラマンデウス,20969,1,PACK_PAGE,matched cid on pack page,https://www.db.yugioh-card.com/rushdb/get_image.action?type=1&osplang=1&cid=20969&ciid=1&enc=aZ9PUVGOneIzy_MSF-dg2A&app=tournament&request_locale=ja,images\20969_1.jpg,OK,
Ancient Gear Gadjiltron Baena,RD/KP19-JP019,SE,シークレットレア仕様,RD/KP19,灼熱のサラマンデウス,20970,1,DETAIL_HEURISTIC_CONFIRMED,confirmed rule: non-ORR uses lowest ciid; pack page has one representative image for multiple printing rarities on the same cid/pid,https://www.db.yugioh-card.com/rushdb/get_image.action?type=1&osplang=1&cid=20970&ciid=1&enc=mVHkDRlaCLRFn5x2zceuUg&app=tournament&request_locale=ja,images\20970_1.jpg,OK,
Ancient Gear Gadjiltron Baena,RD/KP19-JP019,SR,スーパーレア仕様,RD/KP19,灼熱のサラマンデウス,20970,1,DETAIL_HEURISTIC_CONFIRMED,confirmed rule: non-ORR uses lowest ciid; pack page has one representative image for multiple printing rarities on the same cid/pid,https://www.db.yugioh-card.com/rushdb/get_image.action?type=1&osplang=1&cid=20970&ciid=1&enc=mVHkDRlaCLRFn5x2zceuUg&app=tournament&request_locale=ja,images\20970_1.jpg,OK,
Animal Doctor Lily,RD/KP19-JP022,SE,シークレットレア仕様,RD/KP19,灼熱のサラマンデウス,20973,1,DETAIL_HEURISTIC_CONFIRMED,confirmed rule: non-ORR uses lowest ciid; pack page has one representative image for multiple printing rarities on the same cid/pid,https://www.db.yugioh-card.com/rushdb/get_image.action?type=1&osplang=1&cid=20973&ciid=1&enc=-Zc4zGb5xKWWvc7uMLN0KA&app=tournament&request_locale=ja,images\20973_1.jpg,OK,
Animal Doctor Lily,RD/KP19-JP022,SR,スーパーレア仕様,RD/KP19,灼熱のサラマンデウス,20973,1,DETAIL_HEURISTIC_CONFIRMED,confirmed rule: non-ORR uses lowest ciid; pack page has one representative image for multiple printing rarities on the same cid/pid,https://www.db.yugioh-card.com/rushdb/get_image.action?type=1&osplang=1&cid=20973&ciid=1&enc=-Zc4zGb5xKWWvc7uMLN0KA&app=tournament&request_locale=ja,images\20973_1.jpg,OK,
Alchemicalize Orb,RD/KP19-JP037,N,ノーマル仕様,RD/KP19,灼熱のサラマンデウス,20988,1,PACK_PAGE,matched cid on pack page,https://www.db.yugioh-card.com/rushdb/get_image.action?type=1&osplang=1&cid=20988&ciid=1&enc=t2D0dVMPpt4MjoVFkkZ-6g&app=tournament&request_locale=ja,images\20988_1.jpg,OK,
Animagica Trader,RD/B251-JP003,SR,スーパーレア仕様,RD/B251,バトルパック 2025 Vol.1,21277,1,PACK_PAGE,matched cid on pack page,https://www.db.yugioh-card.com/rushdb/get_image.action?type=1&osplang=1&cid=21277&ciid=1&enc=qVk1xLwzSJSdw8fzc3xfEQ&app=tournament&request_locale=ja,images\21277_1.jpg,OK,
Animagica Trader,RD/KP20-JP026,N,ノーマル仕様,RD/KP20,悠久のギャラクティカ,21277,1,PACK_PAGE,matched cid on pack page,https://www.db.yugioh-card.com/rushdb/get_image.action?type=1&osplang=1&cid=21277&ciid=1&enc=qVk1xLwzSJSdw8fzc3xfEQ&app=tournament&request_locale=ja,images\21277_1.jpg,OK,
Animagica Gardna,RD/B254-JP006,N,ノーマル仕様,RD/B254,バトルパック2025 Vol.4,21278,1,DETAIL_HEURISTIC_CONFIRMED,confirmed rule: non-ORR uses lowest ciid; pack page has one representative image for multiple printing rarities on the same cid/pid,https://www.db.yugioh-card.com/rushdb/get_image.action?type=1&osplang=1&cid=21278&ciid=1&enc=hZ0QFHFFHNi4hmghmSx0EA&app=tournament&request_locale=ja,images\21278_1.jpg,OK,
Animagica Gardna,RD/B254-JP006,SR,スーパーレア仕様,RD/B254,バトルパック2025 Vol.4,21278,1,DETAIL_HEURISTIC_CONFIRMED,confirmed rule: non-ORR uses lowest ciid; pack page has one representative image for multiple printing rarities on the same cid/pid,https://www.db.yugioh-card.com/rushdb/get_image.action?type=1&osplang=1&cid=21278&ciid=1&enc=hZ0QFHFFHNi4hmghmSx0EA&app=tournament&request_locale=ja,images\21278_1.jpg,OK,
Animagica Gardna,RD/KP20-JP027,R,レア仕様,RD/KP20,悠久のギャラクティカ,21278,1,DETAIL_HEURISTIC_CONFIRMED,confirmed rule: non-ORR uses lowest ciid; pack page has one representative image for multiple printing rarities on the same cid/pid,https://www.db.yugioh-card.com/rushdb/get_image.action?type=1&osplang=1&cid=21278&ciid=1&enc=hZ0QFHFFHNi4hmghmSx0EA&app=tournament&request_locale=ja,images\21278_1.jpg,OK,
Animagica Gardna,RD/KP20-JP027,SE,シークレットレア仕様,RD/KP20,悠久のギャラクティカ,21278,1,DETAIL_HEURISTIC_CONFIRMED,confirmed rule: non-ORR uses lowest ciid; pack page has one representative image for multiple printing rarities on the same cid/pid,https://www.db.yugioh-card.com/rushdb/get_image.action?type=1&osplang=1&cid=21278&ciid=1&enc=hZ0QFHFFHNi4hmghmSx0EA&app=tournament&request_locale=ja,images\21278_1.jpg,OK,
Animagica Sorcerer,RD/KP20-JP028,SE,シークレットレア仕様,RD/KP20,悠久のギャラクティカ,21279,1,DETAIL_HEURISTIC_CONFIRMED,confirmed rule: non-ORR uses lowest ciid; pack page has one representative image for multiple printing rarities on the same cid/pid,https://www.db.yugioh-card.com/rushdb/get_image.action?type=1&osplang=1&cid=21279&ciid=1&enc=Z3dJuFMLr78Zl5qTUq9fNw&app=tournament&request_locale=ja,images\21279_1.jpg,OK,
Animagica Sorcerer,RD/KP20-JP028,SR,スーパーレア仕様,RD/KP20,悠久のギャラクティカ,21279,1,DETAIL_HEURISTIC_CONFIRMED,confirmed rule: non-ORR uses lowest ciid; pack page has one representative image for multiple printing rarities on the same cid/pid,https://www.db.yugioh-card.com/rushdb/get_image.action?type=1&osplang=1&cid=21279&ciid=1&enc=Z3dJuFMLr78Zl5qTUq9fNw&app=tournament&request_locale=ja,images\21279_1.jpg,OK,
Animagica Knight,RD/KP20-JP029,R,レア仕様,RD/KP20,悠久のギャラクティカ,21280,1,DETAIL_HEURISTIC_CONFIRMED,confirmed rule: non-ORR uses lowest ciid; pack page has one representative image for multiple printing rarities on the same cid/pid,https://www.db.yugioh-card.com/rushdb/get_image.action?type=1&osplang=1&cid=21280&ciid=1&enc=To5lSjNhv7n3MDUoPhPKwg&app=tournament&request_locale=ja,images\21280_1.jpg,OK,
Animagica Knight,RD/KP20-JP029,SE,シークレットレア仕様,RD/KP20,悠久のギャラクティカ,21280,1,DETAIL_HEURISTIC_CONFIRMED,confirmed rule: non-ORR uses lowest ciid; pack page has one representative image for multiple printing rarities on the same cid/pid,https://www.db.yugioh-card.com/rushdb/get_image.action?type=1&osplang=1&cid=21280&ciid=1&enc=To5lSjNhv7n3MDUoPhPKwg&app=tournament&request_locale=ja,images\21280_1.jpg,OK,
Animagica Double Saber,RD/B251-JP004,SR,スーパーレア仕様,RD/B251,バトルパック 2025 Vol.1,21281,1,PACK_PAGE,matched cid on pack page,https://www.db.yugioh-card.com/rushdb/get_image.action?type=1&osplang=1&cid=21281&ciid=1&enc=MrmUzCKCSt4kX8_d6ji86g&app=tournament&request_locale=ja,images\21281_1.jpg,OK,
Animagica Double Saber,RD/KP20-JP030,N,ノーマル仕様,RD/KP20,悠久のギャラクティカ,21281,1,PACK_PAGE,matched cid on pack page,https://www.db.yugioh-card.com/rushdb/get_image.action?type=1&osplang=1&cid=21281&ciid=1&enc=MrmUzCKCSt4kX8_d6ji86g&app=tournament&request_locale=ja,images\21281_1.jpg,OK,
Animagica Whip,RD/KP20-JP031,SE,シークレットレア仕様,RD/KP20,悠久のギャラクティカ,21282,1,DETAIL_HEURISTIC_CONFIRMED,confirmed rule: non-ORR uses lowest ciid; pack page has one representative image for multiple printing rarities on the same cid/pid,https://www.db.yugioh-card.com/rushdb/get_image.action?type=1&osplang=1&cid=21282&ciid=1&enc=xf9gYf-JDfxJCYF6qsX3PA&app=tournament&request_locale=ja,images\21282_1.jpg,OK,
Animagica Whip,RD/KP20-JP031,SR,スーパーレア仕様,RD/KP20,悠久のギャラクティカ,21282,1,DETAIL_HEURISTIC_CONFIRMED,confirmed rule: non-ORR uses lowest ciid; pack page has one representative image for multiple printing rarities on the same cid/pid,https://www.db.yugioh-card.com/rushdb/get_image.action?type=1&osplang=1&cid=21282&ciid=1&enc=xf9gYf-JDfxJCYF6qsX3PA&app=tournament&request_locale=ja,images\21282_1.jpg,OK,
Animagica Shooter,RD/KP20-JP032,ORR,オーバーラッシュレア仕様,RD/KP20,悠久のギャラクティカ,21283,101,DETAIL_HEURISTIC_CONFIRMED,confirmed rule: ORR uses highest ciid; pack page has one representative image for multiple printing rarities on the same cid/pid,https://www.db.yugioh-card.com/rushdb/get_image.action?type=1&cid=21283&ciid=101&enc=dTwM4-nLVGHDdRuGWHiCbA,images\21283_101.jpg,OK,
Animagica Shooter,RD/KP20-JP032,SE,シークレットレア仕様,RD/KP20,悠久のギャラクティカ,21283,1,DETAIL_HEURISTIC_CONFIRMED,confirmed rule: non-ORR uses lowest ciid; pack page has one representative image for multiple printing rarities on the same cid/pid,https://www.db.yugioh-card.com/rushdb/get_image.action?type=1&osplang=1&cid=21283&ciid=1&enc=dTwM4-nLVGHDdRuGWHiCbA&app=tournament&request_locale=ja,images\21283_1.jpg,OK,
Animagica Shooter,RD/KP20-JP032,UR,ウルトラレア仕様,RD/KP20,悠久のギャラクティカ,21283,1,DETAIL_HEURISTIC_CONFIRMED,confirmed rule: non-ORR uses lowest ciid; pack page has one representative image for multiple printing rarities on the same cid/pid,https://www.db.yugioh-card.com/rushdb/get_image.action?type=1&osplang=1&cid=21283&ciid=1&enc=dTwM4-nLVGHDdRuGWHiCbA&app=tournament&request_locale=ja,images\21283_1.jpg,OK,
Aise the Snowmaiden of Sacred Splendor,RD/KP20-JP036,R,レア仕様,RD/KP20,悠久のギャラクティカ,21287,1,DETAIL_HEURISTIC_CONFIRMED,confirmed rule: non-ORR uses lowest ciid; pack page has one representative image for multiple printing rarities on the same cid/pid,https://www.db.yugioh-card.com/rushdb/get_image.action?type=1&osplang=1&cid=21287&ciid=1&enc=qQMVWsoYqhBqRxjvR9gsCA&app=tournament&request_locale=ja,images\21287_1.jpg,OK,
Aise the Snowmaiden of Sacred Splendor,RD/KP20-JP036,SE,シークレットレア仕様,RD/KP20,悠久のギャラクティカ,21287,1,DETAIL_HEURISTIC_CONFIRMED,confirmed rule: non-ORR uses lowest ciid; pack page has one representative image for multiple printing rarities on the same cid/pid,https://www.db.yugioh-card.com/rushdb/get_image.action?type=1&osplang=1&cid=21287&ciid=1&enc=qQMVWsoYqhBqRxjvR9gsCA&app=tournament&request_locale=ja,images\21287_1.jpg,OK,
Ancient Gear Megaton Golem,RD/5TH1-JP030,ORR,オーバーラッシュレア仕様,RD/5TH1,5th ANNIVERSARY PACK,21502,101,DETAIL_HEURISTIC_CONFIRMED,confirmed rule: ORR uses highest ciid; pack page has one representative image for multiple printing rarities on the same cid/pid,https://www.db.yugioh-card.com/rushdb/get_image.action?type=1&cid=21502&ciid=101&enc=nPmYdiF2amjiV236vCOGug,images\21502_101.jpg,OK,
Ancient Gear Megaton Golem,RD/5TH1-JP030,UR,ウルトラレア仕様,RD/5TH1,5th ANNIVERSARY PACK,21502,1,DETAIL_HEURISTIC_CONFIRMED,confirmed rule: non-ORR uses lowest ciid; pack page has one representative image for multiple printing rarities on the same cid/pid,https://www.db.yugioh-card.com/rushdb/get_image.action?type=1&osplang=1&cid=21502&ciid=1&enc=nPmYdiF2amjiV236vCOGug&app=tournament&request_locale=ja,images\21502_1.jpg,OK,
Abysskite Ulti-Ange,RD/5TH1-JP036,ORR,オーバーラッシュレア仕様,RD/5TH1,5th ANNIVERSARY PACK,21508,101,DETAIL_HEURISTIC_CONFIRMED,confirmed rule: ORR uses highest ciid; pack page has one representative image for multiple printing rarities on the same cid/pid,https://www.db.yugioh-card.com/rushdb/get_image.action?type=1&cid=21508&ciid=101&enc=qfJ6WgzHhTP1HWvjkh3HPQ,images\21508_101.jpg,OK,
Abysskite Ulti-Ange,RD/5TH1-JP036,UR,ウルトラレア仕様,RD/5TH1,5th ANNIVERSARY PACK,21508,1,DETAIL_HEURISTIC_CONFIRMED,confirmed rule: non-ORR uses lowest ciid; pack page has one representative image for multiple printing rarities on the same cid/pid,https://www.db.yugioh-card.com/rushdb/get_image.action?type=1&osplang=1&cid=21508&ciid=1&enc=qfJ6WgzHhTP1HWvjkh3HPQ&app=tournament&request_locale=ja,images\21508_1.jpg,OK,
Ancient Gear Hunting Hound,RD/5TH1-JP048,UR,ウルトラレア仕様,RD/5TH1,5th ANNIVERSARY PACK,21520,1,PACK_PAGE,matched cid on pack page,https://www.db.yugioh-card.com/rushdb/get_image.action?type=1&osplang=1&cid=21520&ciid=1&enc=9Z92njRT8u5HwX6CC4b9fQ&app=tournament&request_locale=ja,images\21520_1.jpg,OK,
Accel Wonder Dark,RD/KP21-JP005,R,レア仕様,RD/KP21,進撃のアクセルロード,21649,1,PACK_PAGE,matched cid on pack page,https://www.db.yugioh-card.com/rushdb/get_image.action?type=1&osplang=1&cid=21649&ciid=1&enc=c60WNgYXyXIaubRSKjV7Jw&app=tournament&request_locale=ja,images\21649_1.jpg,OK,
Alpiris the Nurturer,RD/KP21-JP041,N,ノーマル仕様,RD/KP21,進撃のアクセルロード,21685,1,PACK_PAGE,matched cid on pack page,https://www.db.yugioh-card.com/rushdb/get_image.action?type=1&osplang=1&cid=21685&ciid=1&enc=1mDzRy4xVb5QkXZmc4xAtQ&app=tournament&request_locale=ja,images\21685_1.jpg,OK,
Abysskite Kaleido-Karen,RD/KP22-JP011,ORR,オーバーラッシュレア仕様,RD/KP22,戦慄のアウターバース,21987,101,DETAIL_HEURISTIC_CONFIRMED,confirmed rule: ORR uses highest ciid; pack page has one representative image for multiple printing rarities on the same cid/pid,https://www.db.yugioh-card.com/rushdb/get_image.action?type=1&cid=21987&ciid=101&enc=lpYdNsL4sJYi70rkW6YTzA,images\21987_101.jpg,OK,
Abysskite Kaleido-Karen,RD/KP22-JP011,SE,シークレットレア仕様,RD/KP22,戦慄のアウターバース,21987,1,DETAIL_HEURISTIC_CONFIRMED,confirmed rule: non-ORR uses lowest ciid; pack page has one representative image for multiple printing rarities on the same cid/pid,https://www.db.yugioh-card.com/rushdb/get_image.action?type=1&osplang=1&cid=21987&ciid=1&enc=lpYdNsL4sJYi70rkW6YTzA&app=tournament&request_locale=ja,images\21987_1.jpg,OK,
Abysskite Kaleido-Karen,RD/KP22-JP011,UR,ウルトラレア仕様,RD/KP22,戦慄のアウターバース,21987,1,DETAIL_HEURISTIC_CONFIRMED,confirmed rule: non-ORR uses lowest ciid; pack page has one representative image for multiple printing rarities on the same cid/pid,https://www.db.yugioh-card.com/rushdb/get_image.action?type=1&osplang=1&cid=21987&ciid=1&enc=lpYdNsL4sJYi70rkW6YTzA&app=tournament&request_locale=ja,images\21987_1.jpg,OK,
Abad the Negahell Emperor,RD/KP22-JPS00,ORR,オーバーラッシュレア仕様（PREMIUM BLACK Ver.）,RD/KP22,戦慄のアウターバース,22043,202,DETAIL_HEURISTIC_CONFIRMED,confirmed rule: ORR uses highest ciid; pack page has one representative image for multiple printing rarities on the same cid/pid,https://www.db.yugioh-card.com/rushdb/get_image.action?type=1&cid=22043&ciid=202&enc=TDMVwD8AqBy3-9GNHvs9eQ,images\22043_202.jpg,OK,
Abad the Negahell Emperor,RD/KP22-JPS00,SR,スーパーレア仕様,RD/KP22,戦慄のアウターバース,22043,1,DETAIL_HEURISTIC_CONFIRMED,confirmed rule: non-ORR uses lowest ciid; pack page has one representative image for multiple printing rarities on the same cid/pid,https://www.db.yugioh-card.com/rushdb/get_image.action?type=1&osplang=1&cid=22043&ciid=1&enc=TDMVwD8AqBy3-9GNHvs9eQ&app=tournament&request_locale=ja,images\22043_1.jpg,OK,
Absorbing Fiend's Mirror,RD/KP25-JP045,R,レア仕様,RD/KP25,極光のライジング,23242,1,PACK_PAGE,matched cid on pack page,https://www.db.yugioh-card.com/rushdb/get_image.action?type=1&osplang=1&cid=23242&ciid=1&enc=ez7Gv_5Pz6bxQj2sUONpag&app=tournament&request_locale=ja,images\23242_1.jpg,OK,
